{
  "Total" : {
    "transaction" : "Total",
    "sampleCount" : 168266,
    "errorCount" : 0,
    "errorPct" : 0.0,
    "meanResTime" : 23.734895938573597,
    "medianResTime" : 29.0,
    "minResTime" : 7.0,
    "maxResTime" : 535.0,
    "pct1ResTime" : 43.0,
    "pct2ResTime" : 49.0,
    "pct3ResTime" : 71.0,
    "throughput" : 187.0921473245309,
    "receivedKBytesPerSec" : 1969.715011509729,
    "sentKBytesPerSec" : 42.75347897845726
  },
  "GET Playlists with Deep Cursor" : {
    "transaction" : "GET Playlists with Deep Cursor",
    "sampleCount" : 168266,
    "errorCount" : 0,
    "errorPct" : 0.0,
    "meanResTime" : 23.734895938573597,
    "medianResTime" : 29.0,
    "minResTime" : 7.0,
    "maxResTime" : 535.0,
    "pct1ResTime" : 43.0,
    "pct2ResTime" : 49.0,
    "pct3ResTime" : 71.0,
    "throughput" : 187.0921473245309,
    "receivedKBytesPerSec" : 1969.715011509729,
    "sentKBytesPerSec" : 42.75347897845726
  }
}